{"cameraMode":{"drawMode":0,"name":"Shaded","section":"Shading Mode"},"sceneLighting":false,"audioPlay":false,"sceneViewState":{"m_AlwaysRefresh":false,"showFog":true,"showSkybox":false,"showFlares":true,"showImageEffects":true,"showParticleSystems":true,"showVisualEffectGraphs":true,"m_FxEnabled":true},"in2DMode":false,"pivot":{"x":3.1542670726776125,"y":0.43644392490386965,"z":0.16943293809890748},"rotation":{"x":-0.010360898450016976,"y":0.9896357655525208,"z":-0.09890438616275788,"w":-0.10369434207677841},"size":1.4529783725738526,"orthographic":false}