{"cameraMode":{"drawMode":0,"name":"Shaded","section":"Shading Mode"},"sceneLighting":false,"audioPlay":false,"sceneViewState":{"m_AlwaysRefresh":false,"showFog":true,"showSkybox":false,"showFlares":true,"showImageEffects":true,"showParticleSystems":true,"showVisualEffectGraphs":true,"m_FxEnabled":true},"in2DMode":false,"pivot":{"x":-2.0852394104003908,"y":0.3388032913208008,"z":1.7103726863861085},"rotation":{"x":-0.003069812199100852,"y":0.9861106276512146,"z":-0.01835332252085209,"w":-0.16511239111423493},"size":1.2486367225646973,"orthographic":false}